,joblib,joblib,pickle,pickle,dif,dif
,mean,std,mean,std,mean,std
Load,0.03817462921142578,,0.011002302169799805,,0.027172327041625977,
Save,0.042993783950805664,,0.004018545150756836,,0.03897523880004883,
